City_ID,City,Country,Date,Lat,Lng,Max Temp,Humidity,Cloudiness,Wind Speed
0,Carnarvon,AU,2021-12-17 04:24:06,-24.8667,113.6333,78.87,50,30,19.57
1,Hamilton,US,2021-12-17 04:28:56,39.1834,-84.5333,47.05,84,1,1.01
2,Vaini,TO,2021-12-17 04:31:22,-21.2,-175.2,84.36,89,20,9.22
3,Salinas,US,2021-12-17 04:21:32,36.6777,-121.6555,51.24,80,1,3.44
4,Kalmunai,LK,2021-12-17 04:31:22,7.4167,81.8167,82.09,74,98,8.01
5,Albany,US,2021-12-17 04:30:37,42.6001,-73.9662,62.8,60,99,3.0
6,Vardo,NO,2021-12-17 04:21:35,70.3705,31.1107,30.4,76,100,12.41
7,New Norfolk,AU,2021-12-17 04:31:23,-42.7826,147.0587,76.75,31,60,3.0
8,Rikitea,PF,2021-12-17 04:31:23,-23.1203,-134.9692,75.51,74,85,19.3
9,Upata,VE,2021-12-17 04:31:23,8.0086,-62.3989,73.18,97,97,2.8
10,Atuona,PF,2021-12-17 04:31:23,-9.8,-139.0333,78.15,71,23,12.28
11,Tambura,SS,2021-12-17 04:31:24,5.6,27.4667,73.31,28,98,3.49
12,Provideniya,RU,2021-12-17 04:25:17,64.3833,-173.3,17.71,79,75,8.95
13,Hilo,US,2021-12-17 04:31:24,19.7297,-155.09,74.93,43,1,3.44
14,Lorengau,PG,2021-12-17 04:21:37,-2.0226,147.2712,83.53,76,100,1.48
15,Klaksvik,FO,2021-12-17 04:26:41,62.2266,-6.589,47.32,91,100,18.61
16,General Pico,AR,2021-12-17 04:31:25,-35.6566,-63.7568,68.49,43,3,14.88
17,Yellowknife,CA,2021-12-17 04:31:25,62.456,-114.3525,-19.59,94,90,4.61
18,Port Elizabeth,ZA,2021-12-17 04:24:04,-33.918,25.5701,55.69,71,0,3.44
19,Brae,GB,2021-12-17 04:21:38,60.3964,-1.353,48.11,95,100,16.13
20,Jamestown,US,2021-12-17 04:27:43,42.097,-79.2353,51.08,66,1,4.0
21,East London,ZA,2021-12-17 04:23:41,-33.0153,27.9116,58.14,82,20,6.91
22,Elizabeth City,US,2021-12-17 04:31:26,36.2946,-76.2511,63.05,82,75,1.99
23,Kapaa,US,2021-12-17 04:31:26,22.0752,-159.319,78.78,82,20,10.36
24,Sinnamary,GF,2021-12-17 04:31:27,5.3833,-52.95,76.77,90,94,6.02
25,Yate,GB,2021-12-17 04:31:27,51.5407,-2.4184,48.61,91,0,3.87
26,Kaoma,ZM,2021-12-17 04:31:27,-14.7833,24.8,67.12,92,100,1.34
27,Bengkulu,ID,2021-12-17 04:26:27,-3.8004,102.2655,75.97,92,100,1.92
28,Awbari,LY,2021-12-17 04:31:28,26.5921,12.7805,47.44,62,0,4.34
29,Candolim,IN,2021-12-17 04:31:28,15.5181,73.7626,80.6,50,99,10.36
30,Isangel,VU,2021-12-17 04:27:50,-19.55,169.2667,82.51,61,75,11.5
31,Mataura,NZ,2021-12-17 04:31:29,-46.1927,168.8643,53.47,97,48,11.12
32,Atar,MR,2021-12-17 04:22:49,20.5169,-13.0499,66.7,20,6,1.63
33,Punta Arenas,CL,2021-12-17 04:30:35,-53.15,-70.9167,51.91,76,0,20.71
34,Bathsheba,BB,2021-12-17 04:31:29,13.2167,-59.5167,79.41,69,40,26.46
35,Saint Anthony,US,2021-12-17 04:25:24,45.0205,-93.218,19.33,71,1,4.0
36,Tucuman,AR,2021-12-17 04:31:30,-26.8241,-65.2226,73.4,83,0,5.75
37,Umarga,IN,2021-12-17 04:31:30,17.8333,76.6167,76.14,36,100,8.23
38,Dong Hoi,VN,2021-12-17 04:31:31,17.4833,106.6,74.44,77,99,15.23
39,Busselton,AU,2021-12-17 04:31:31,-33.65,115.3333,70.09,43,74,17.72
40,Dunda,TZ,2021-12-17 04:31:31,-8.1167,34.25,70.93,78,99,2.82
41,Lakota,CI,2021-12-17 04:31:32,5.8528,-5.6883,71.24,99,78,1.81
42,Luderitz,NA,2021-12-17 04:26:31,-26.6481,15.1594,60.89,70,76,9.1
43,Hobart,AU,2021-12-17 04:31:32,-42.8794,147.3294,77.11,51,75,1.01
44,Ilulissat,GL,2021-12-17 04:26:36,69.2167,-51.1,15.82,73,75,9.22
45,La Ronge,CA,2021-12-17 04:23:59,55.1001,-105.2842,-14.55,76,40,2.3
46,Holme,DK,2021-12-17 04:32:33,56.1138,10.1725,41.65,94,27,12.26
47,Hengshui,CN,2021-12-17 04:32:33,37.7322,115.7011,32.54,11,0,6.35
48,Nikolskoye,RU,2021-12-17 04:22:49,59.7035,30.7861,33.69,95,43,6.87
49,Ushuaia,AR,2021-12-17 04:32:34,-54.8,-68.3,44.26,93,90,0.0
50,Barrow,US,2021-12-17 04:26:33,71.2906,-156.7887,-9.38,77,90,28.77
51,Natal,BR,2021-12-17 04:32:00,-5.795,-35.2094,80.82,83,40,6.91
52,Trang,TH,2021-12-17 04:32:34,7.5,99.5,76.95,100,40,0.0
53,Port Hardy,CA,2021-12-17 04:32:35,50.6996,-127.4199,37.76,93,75,4.61
54,Geraldton,AU,2021-12-17 04:26:37,-28.7667,114.6,76.12,53,75,16.11
55,Kousseri,CM,2021-12-17 04:32:35,12.0769,15.0306,65.46,30,46,11.48
56,Nome,US,2021-12-17 04:32:35,64.5011,-165.4064,21.27,93,90,16.11
57,Clyde River,CA,2021-12-17 04:31:31,70.4692,-68.5914,-23.57,76,60,0.0
58,Ancud,CL,2021-12-17 04:29:07,-41.8697,-73.8203,51.33,84,0,4.36
59,Ecija,ES,2021-12-17 04:32:36,37.5422,-5.0826,53.31,74,56,6.91
60,Rio Grande,BR,2021-12-17 04:22:45,-32.035,-52.0986,66.94,88,23,15.97
61,Severo-Kurilsk,RU,2021-12-17 04:31:26,50.6789,156.125,23.0,76,97,6.85
62,Tamandare,BR,2021-12-17 04:32:36,-8.7597,-35.1047,76.96,85,21,7.58
63,Upernavik,GL,2021-12-17 04:32:37,72.7868,-56.1549,-0.98,93,100,2.77
64,Butaritari,KI,2021-12-17 04:32:37,3.0707,172.7902,82.22,76,73,10.63
65,Cidreira,BR,2021-12-17 04:32:38,-30.1811,-50.2056,66.9,91,46,8.21
66,Avarua,CK,2021-12-17 04:32:38,-21.2078,-159.775,80.65,74,20,9.22
67,Aklavik,CA,2021-12-17 04:32:38,68.2191,-135.0107,-19.37,91,100,14.63
68,Khatanga,RU,2021-12-17 04:31:28,71.9667,102.5,-14.06,99,100,3.58
69,Plettenberg Bay,ZA,2021-12-17 04:29:03,-34.0527,23.3716,55.71,78,34,10.92
70,Harnosand,SE,2021-12-17 04:32:39,62.6323,17.9379,39.99,70,8,24.0
71,Kirakira,SB,2021-12-17 04:22:54,-10.4544,161.9205,84.7,72,100,3.67
72,Fortuna,US,2021-12-17 04:24:00,40.5982,-124.1573,43.2,58,17,4.54
73,San Juan,AR,2021-12-17 04:32:39,-31.5375,-68.5364,79.72,49,8,19.48
74,Adrar,MR,2021-12-17 04:22:44,20.5022,-10.0711,70.81,23,100,6.46
75,Bluff,NZ,2021-12-17 04:32:40,-46.6,168.3333,53.8,76,62,26.53
76,Ribeira Grande,PT,2021-12-17 04:23:59,38.5167,-28.7,62.44,70,82,28.21
77,Laguna,US,2021-12-17 04:32:40,38.421,-121.4238,47.05,89,1,1.99
78,Nargana,PA,2021-12-17 04:32:41,9.4428,-78.5906,79.88,87,66,9.78
79,Sagara,JP,2021-12-17 04:32:41,34.6833,138.2,60.39,55,20,24.16
80,Neiafu,TO,2021-12-17 04:32:41,-18.65,-173.9833,84.88,70,20,9.22
81,Beringovskiy,RU,2021-12-17 04:23:57,63.05,179.3167,-11.2,99,94,6.64
82,Uvelskiy,RU,2021-12-17 04:32:42,54.4446,61.3574,21.72,93,100,6.02
83,Puerto Ayora,EC,2021-12-17 04:32:42,-0.7393,-90.3518,69.55,95,78,3.0
84,Mahebourg,MU,2021-12-17 04:22:52,-20.4081,57.7,80.89,69,40,8.05
85,Lompoc,US,2021-12-17 04:23:57,34.6391,-120.4579,52.79,86,40,0.0
86,Port Alfred,ZA,2021-12-17 04:32:43,-33.5906,26.891,61.86,49,62,9.24
87,Kahului,US,2021-12-17 04:24:01,20.8947,-156.47,75.85,87,40,18.41
88,Mount Isa,AU,2021-12-17 04:25:14,-20.7333,139.5,103.77,20,2,8.05
89,Urumqi,CN,2021-12-17 04:28:02,43.801,87.6005,11.35,92,90,2.24
90,Saint-Philippe,RE,2021-12-17 04:33:43,-21.3585,55.7679,82.47,77,59,9.1
91,Ahipara,NZ,2021-12-17 04:32:48,-35.1667,173.1667,67.14,68,35,13.71
92,Cherskiy,RU,2021-12-17 04:33:12,68.75,161.3,-17.37,98,100,2.1
93,Waingapu,ID,2021-12-17 04:33:44,-9.6567,120.2641,89.31,60,41,8.52
94,Belcista,MK,2021-12-17 04:33:44,41.3028,20.8303,26.29,88,17,5.26
95,Cayenne,GF,2021-12-17 04:33:45,4.9333,-52.3333,80.1,87,95,1.99
96,Saldanha,ZA,2021-12-17 04:33:45,-33.0117,17.9442,63.77,57,0,15.59
97,Uige,AO,2021-12-17 04:33:45,-7.6087,15.0613,66.16,99,100,2.04
98,Zhigansk,RU,2021-12-17 04:33:46,66.7697,123.3711,-33.83,97,100,1.86
99,Castro,BR,2021-12-17 04:33:46,-24.7911,-50.0119,66.11,99,15,5.7
100,Havoysund,NO,2021-12-17 04:33:46,70.9963,24.6622,31.08,78,75,4.65
101,Port-Cartier,CA,2021-12-17 04:33:47,50.0334,-66.8654,35.82,97,100,7.34
102,Cape Town,ZA,2021-12-17 04:30:45,-33.9258,18.4232,61.11,70,0,5.01
103,Bontang,ID,2021-12-17 04:33:47,0.1333,117.5,88.32,66,100,6.67
104,Awjilah,LY,2021-12-17 04:33:47,29.1081,21.2869,50.54,68,19,5.21
105,San Patricio,US,2021-12-17 04:33:48,28.017,-97.5169,75.06,87,70,12.55
106,Dingle,PH,2021-12-17 04:33:48,10.9995,122.6711,82.26,81,100,12.28
107,Nishihara,JP,2021-12-17 04:33:48,26.1842,127.7558,68.05,68,75,21.85
108,Fondi,IT,2021-12-17 04:33:49,41.3541,13.4313,48.81,71,1,4.5
109,Lata,PT,2021-12-17 04:33:49,40.1629,-8.3327,52.81,75,31,5.48
110,Ciudad Bolivar,VE,2021-12-17 04:33:49,8.1222,-63.5497,75.31,84,100,9.04
111,Mana,GF,2021-12-17 04:33:50,5.6592,-53.7767,76.15,91,100,4.83
112,Hermon,US,2021-12-17 04:33:50,44.8101,-68.9134,48.43,89,90,0.0
113,Saint-Pierre,RE,2021-12-17 04:33:50,-21.3393,55.4781,82.56,76,75,12.66
114,Shaunavon,CA,2021-12-17 04:33:51,49.6501,-108.4181,4.78,93,100,6.69
115,Tuktoyaktuk,CA,2021-12-17 04:33:51,69.4541,-133.0374,-25.6,68,1,17.27
116,Glace Bay,CA,2021-12-17 04:33:52,46.1969,-59.957,39.6,95,90,11.01
117,Los Llanos De Aridane,ES,2021-12-17 04:24:00,28.6585,-17.9182,56.95,79,0,5.99
118,Dundwaraganj,IN,2021-12-17 04:33:52,27.7333,78.95,64.74,28,68,10.4
119,Srednekolymsk,RU,2021-12-17 04:24:12,67.45,153.6833,-18.42,98,100,4.59
120,Port Hedland,AU,2021-12-17 04:24:08,-20.3167,118.5667,98.65,36,8,19.57
121,Shushenskoye,RU,2021-12-17 04:33:53,53.325,91.9356,15.48,82,100,6.42
122,Aripuana,BR,2021-12-17 04:33:53,-9.1667,-60.6333,72.52,91,64,0.56
123,Sitka,US,2021-12-17 04:33:53,57.0531,-135.33,33.69,80,90,9.22
124,Birao,CF,2021-12-17 04:33:54,10.2849,22.7882,67.66,26,92,9.66
125,Constitucion,CL,2021-12-17 04:29:02,-35.3333,-72.4167,56.41,79,70,3.38
126,Hithadhoo,MV,2021-12-17 04:33:54,-0.6,73.0833,81.99,73,73,4.27
127,Sept-Iles,CA,2021-12-17 04:32:53,50.2001,-66.3821,36.12,88,90,3.0
128,Tiksi,RU,2021-12-17 04:33:55,71.6872,128.8694,-25.92,100,100,3.96
129,Salalah,OM,2021-12-17 04:33:55,17.0151,54.0924,71.69,60,20,5.75
130,Mathbaria,BD,2021-12-17 04:33:55,22.2876,89.9593,75.25,40,4,8.43
131,Ostrovnoy,RU,2021-12-17 04:33:56,68.0531,39.5131,27.86,86,100,9.89
132,Yatou,CN,2021-12-17 04:33:56,37.15,122.3833,28.24,56,82,25.43
133,Alice Springs,AU,2021-12-17 04:33:15,-23.7,133.8833,101.75,13,0,8.05
134,Qasigiannguit,GL,2021-12-17 04:33:57,68.8193,-51.1922,16.05,92,100,6.49
135,Annau,TM,2021-12-17 04:34:57,37.8876,58.516,33.3,60,4,2.3
136,Ziarat,PK,2021-12-17 04:34:57,30.3823,67.7282,36.86,5,6,3.06
137,Kodiak,US,2021-12-17 04:34:58,57.79,-152.4072,35.11,80,90,10.36
138,Saint George,US,2021-12-17 04:20:35,37.1041,-113.5841,37.63,70,1,1.99
139,Pangnirtung,CA,2021-12-17 04:27:48,66.1451,-65.7125,-2.25,81,100,3.71
140,Qaanaaq,GL,2021-12-17 04:34:58,77.484,-69.3632,-2.9,97,100,2.46
141,Esperance,AU,2021-12-17 04:26:38,-33.8667,121.9,75.04,61,27,20.07
142,Nemuro,JP,2021-12-17 04:34:59,43.3236,145.575,32.43,95,100,10.54
143,Mehamn,NO,2021-12-17 04:34:59,71.0357,27.8492,33.75,80,75,9.22
144,Shubarkuduk,KZ,2021-12-17 04:34:59,49.1447,56.4872,27.03,92,93,3.06
145,Nanortalik,GL,2021-12-17 04:25:22,60.1432,-45.2371,24.17,78,81,19.8
146,Port Blair,IN,2021-12-17 04:25:16,11.6667,92.75,82.09,59,9,10.63
147,Ola,RU,2021-12-17 04:35:00,59.5833,151.2833,3.15,83,100,16.04
148,Olafsvik,IS,2021-12-17 04:31:37,64.8945,-23.7142,42.13,80,100,23.33
149,Turayf,SA,2021-12-17 04:35:00,31.6725,38.6637,39.45,93,0,6.91
150,Kruisfontein,ZA,2021-12-17 04:26:28,-34.0033,24.7314,51.89,66,99,6.06
151,Harper,LR,2021-12-17 04:35:01,4.375,-7.7169,78.3,86,23,4.36
152,Longyearbyen,SJ,2021-12-17 04:30:22,78.2186,15.6401,21.04,79,20,4.61
153,Tiarei,PF,2021-12-17 04:35:02,-17.5333,-149.3333,82.0,78,80,15.79
154,Floro,NO,2021-12-17 04:35:02,61.5996,5.0328,42.76,100,90,10.36
155,Coquimbo,CL,2021-12-17 04:35:02,-29.9533,-71.3436,58.73,82,0,4.61
156,Vestmannaeyjar,IS,2021-12-17 04:35:03,63.4427,-20.2734,45.72,83,100,13.67
157,Tura,IN,2021-12-17 04:35:03,25.5198,90.2201,73.51,47,61,1.68
158,Pevek,RU,2021-12-17 04:35:03,69.7008,170.3133,-8.12,83,100,2.13
159,Lebu,CL,2021-12-17 04:35:03,-37.6167,-73.65,52.63,93,7,7.2
160,Teguldet,RU,2021-12-17 04:35:04,57.3064,88.1667,15.62,94,100,6.46
161,Byron Bay,AU,2021-12-17 04:35:04,-28.65,153.6167,80.71,81,50,8.46
162,Norman Wells,CA,2021-12-17 04:26:37,65.282,-126.8329,-21.96,69,1,8.05
163,Georgetown,MY,2021-12-17 04:35:05,5.4112,100.3354,78.75,90,40,10.0
164,Saskylakh,RU,2021-12-17 04:35:05,71.9167,114.0833,-32.08,99,85,2.21
165,Torbay,CA,2021-12-17 04:35:05,47.6666,-52.7314,17.28,79,40,4.61
166,Karpogory,RU,2021-12-17 04:35:06,64.0019,44.4451,12.61,96,100,3.69
167,Yar-Sale,RU,2021-12-17 04:33:13,66.8333,70.8333,-13.18,98,96,9.04
168,Bagdarin,RU,2021-12-17 04:25:13,54.4333,113.6,-1.07,67,99,2.15
169,Waipawa,NZ,2021-12-17 04:30:17,-41.4122,175.5153,57.83,93,50,13.96
170,Conde,BR,2021-12-17 04:35:06,-7.2597,-34.9075,78.26,89,20,6.91
171,Sakakah,SA,2021-12-17 04:26:40,29.9697,40.2064,54.97,63,68,6.29
172,Kaitangata,NZ,2021-12-17 04:25:20,-46.2817,169.8464,61.93,51,53,13.24
173,Port Macquarie,AU,2021-12-17 04:35:07,-31.4333,152.9167,75.88,68,66,7.63
174,Kailua,US,2021-12-17 04:35:07,21.4022,-157.7394,78.78,73,75,11.5
175,Rio Gallegos,AR,2021-12-17 04:31:35,-51.6226,-69.2181,59.05,63,75,5.75
176,Hohhot,CN,2021-12-17 04:35:08,40.8106,111.6522,8.89,43,0,4.47
177,Abbeville,FR,2021-12-17 04:35:08,50.1,1.8333,40.5,93,5,6.04
178,Faanui,PF,2021-12-17 04:35:08,-16.4833,-151.75,81.03,74,26,8.55
179,Chuy,UY,2021-12-17 04:28:59,-33.6971,-53.4616,63.54,84,35,9.33
180,Avera,US,2021-12-17 04:32:45,33.194,-82.5271,61.72,92,91,2.95
181,Fukuma,JP,2021-12-17 04:35:09,33.7667,130.4667,47.16,61,100,25.34
182,Filingue,NE,2021-12-17 04:36:09,14.3521,3.3168,67.12,17,52,9.84
183,San Martin,AR,2021-12-17 04:36:09,-33.081,-68.4681,73.94,70,55,0.58
184,Nuuk,GL,2021-12-17 04:32:43,64.1835,-51.7216,0.05,86,47,6.42
185,Wrexham,GB,2021-12-17 04:36:10,53.0,-3.0,47.39,95,0,1.57
186,Miri,MY,2021-12-17 04:36:10,4.4148,114.0089,86.14,74,40,6.91
187,College,US,2021-12-17 04:26:38,64.8569,-147.8028,4.95,81,90,0.0
188,Mar Del Plata,AR,2021-12-17 04:36:11,-38.0023,-57.5575,64.87,88,0,13.0
189,Mayo,US,2021-12-17 04:36:11,38.8876,-76.5119,64.81,64,20,8.01
190,Sisimiut,GL,2021-12-17 04:30:21,66.9395,-53.6735,10.08,82,60,10.27
191,Ugoofaaru,MV,2021-12-17 04:36:11,5.6667,73.0,82.33,73,46,8.28
192,Callaway,US,2021-12-17 04:36:12,30.153,-85.5699,66.9,97,1,1.01
193,Ojinaga,MX,2021-12-17 04:36:12,29.5667,-104.4167,58.57,38,1,8.05
194,Boyolangu,ID,2021-12-17 04:36:12,-8.1181,111.8935,85.87,72,93,3.31
195,Nelson Bay,AU,2021-12-17 04:36:13,-32.7167,152.15,78.76,63,56,3.0
196,Mount Gambier,AU,2021-12-17 04:30:16,-37.8333,140.7667,89.51,14,81,14.97
197,Grindavik,IS,2021-12-17 04:36:13,63.8424,-22.4338,43.27,75,75,17.27
198,Codrington,AU,2021-12-17 04:36:13,-38.2667,141.9667,82.62,27,67,11.65
199,Ayotzintepec,MX,2021-12-17 04:36:14,17.6667,-96.1333,69.46,95,11,2.93
200,Hermanus,ZA,2021-12-17 04:36:14,-34.4187,19.2345,57.79,67,0,25.72
201,Mitsamiouli,KM,2021-12-17 04:36:15,-11.3847,43.2844,82.69,65,20,12.66
202,Fort Nelson,CA,2021-12-17 04:35:46,58.8053,-122.7002,-26.01,75,1,3.44
203,Ankang,CN,2021-12-17 04:36:15,32.68,109.0172,49.87,30,80,4.38
204,Bredasdorp,ZA,2021-12-17 04:36:15,-34.5322,20.0403,57.27,63,31,19.46
205,Alofi,NU,2021-12-17 04:36:16,-19.0595,-169.9187,84.09,74,7,11.5
206,Karoi,ZW,2021-12-17 04:36:16,-16.8099,29.6925,69.8,71,91,2.17
207,Paamiut,GL,2021-12-17 04:36:16,61.994,-49.6678,9.55,81,33,6.76
208,Broome,US,2021-12-17 04:36:17,42.2506,-75.833,61.47,66,90,1.01
209,High Level,CA,2021-12-17 04:36:17,58.5169,-117.136,-20.09,76,75,3.44
210,Lavrentiya,RU,2021-12-17 04:31:26,65.5833,-171.0,5.65,90,100,4.59
211,Lagoa,PT,2021-12-17 04:36:18,39.05,-27.9833,61.18,72,75,14.76
212,Tuatapere,NZ,2021-12-17 04:36:18,-46.1333,167.6833,53.82,84,68,15.01
213,Jiangyou,CN,2021-12-17 04:36:18,31.7667,104.7167,50.0,40,99,4.92
214,Arraial Do Cabo,BR,2021-12-17 04:32:11,-22.9661,-42.0278,76.15,91,69,1.59
215,Flinders,AU,2021-12-17 04:27:45,-34.5833,150.8552,79.81,68,42,13.65
216,Guiratinga,BR,2021-12-17 04:36:19,-16.3494,-53.7583,70.65,98,100,4.43
217,Homer,US,2021-12-17 04:35:15,59.6425,-151.5483,26.49,86,90,0.0
218,Tocopilla,CL,2021-12-17 04:36:19,-22.092,-70.1979,66.96,77,63,5.97
219,North Bend,US,2021-12-17 04:36:20,43.4065,-124.2243,45.91,100,90,3.44
220,Bria,CF,2021-12-17 04:36:20,6.5423,21.9863,68.23,36,78,3.04
221,Aksu,CN,2021-12-17 04:36:20,41.1231,80.2644,29.08,41,0,1.68
222,Bambous Virieux,MU,2021-12-17 04:36:21,-20.3428,57.7575,82.22,69,40,8.05
223,Tierralta,CO,2021-12-17 04:36:21,8.1736,-76.0592,75.2,94,94,4.79
224,Vuktyl,RU,2021-12-17 04:36:21,63.8567,57.3094,12.85,86,100,5.46
225,Namibe,AO,2021-12-17 04:27:43,-15.1961,12.1522,65.07,81,32,3.98
226,Aquiraz,BR,2021-12-17 04:36:22,-3.9014,-38.3911,82.49,78,48,11.65
227,Halifax,CA,2021-12-17 04:32:25,44.6453,-63.5724,46.69,98,100,4.0
228,Dalbandin,PK,2021-12-17 04:37:22,28.8947,64.4101,47.41,19,85,6.58
229,Ponta Do Sol,PT,2021-12-17 04:37:23,32.6667,-17.1,65.03,79,16,8.08
230,Dourados,BR,2021-12-17 04:37:23,-22.2211,-54.8056,74.39,78,47,4.45
231,Puerto Del Rosario,ES,2021-12-17 04:37:23,28.5004,-13.8627,65.88,63,0,6.91
232,York,US,2021-12-17 04:37:22,40.1254,-77.0,63.45,60,40,5.75
233,Touros,BR,2021-12-17 04:37:24,-5.1989,-35.4608,79.7,79,80,10.65
234,Arawa,PG,2021-12-17 04:37:25,-6.2132,155.5367,83.91,85,100,3.27
235,Puerto Madero,MX,2021-12-17 04:37:25,14.7208,-92.4215,78.62,74,2,4.03
236,Khandyga,RU,2021-12-17 04:37:25,62.6667,135.6,-37.52,99,92,1.83
237,Airai,TL,2021-12-17 04:37:26,-8.9266,125.4092,79.2,50,13,1.9
238,Camabatela,AO,2021-12-17 04:37:26,-8.1881,15.375,62.15,100,100,1.3
239,Iqaluit,CA,2021-12-17 04:37:27,63.7506,-68.5145,8.33,65,90,17.0
240,Huangzhai,CN,2021-12-17 04:37:27,38.0751,112.6595,23.41,17,0,2.82
241,Dikson,RU,2021-12-17 04:37:27,73.5069,80.5464,-21.39,99,68,9.15
242,Rocha,UY,2021-12-17 04:37:27,-34.4833,-54.3333,57.83,92,19,3.85
243,Mercedes,AR,2021-12-17 04:37:28,-34.6515,-59.4307,68.86,92,0,6.24
244,Balyaga,RU,2021-12-17 04:37:28,51.1507,108.921,0.91,68,98,3.62
245,La Plata,AR,2021-12-17 04:34:27,-34.9215,-57.9545,70.0,77,0,8.37
246,Hay River,CA,2021-12-17 04:37:29,60.8156,-115.7999,-20.22,76,75,5.75
247,Semey,KZ,2021-12-17 04:37:29,50.4111,80.2275,23.22,68,0,8.95
248,Kamenka,RU,2021-12-17 04:37:29,51.3223,42.7678,30.74,99,100,5.35
249,Naze,JP,2021-12-17 04:37:30,28.3667,129.4833,63.52,65,94,24.58
250,Bethel,US,2021-12-17 04:37:30,41.3712,-73.414,58.17,66,100,1.01
251,Aksarka,RU,2021-12-17 04:37:30,66.5606,67.7975,-6.57,91,100,9.44
252,Port Keats,AU,2021-12-17 04:37:31,-14.25,129.55,91.47,62,94,10.31
253,Beloha,MG,2021-12-17 04:37:31,-25.1667,45.05,85.78,50,25,7.61
254,Daru,PG,2021-12-17 04:37:31,-9.0763,143.2092,83.34,84,99,9.98
255,Morehead,US,2021-12-17 04:36:05,37.2711,-87.1764,50.14,96,90,0.0
256,Qui Nhon,VN,2021-12-17 04:37:32,13.7667,109.2333,77.58,85,100,18.72
257,Vostok,RU,2021-12-17 04:37:32,46.4856,135.8833,-10.34,85,71,7.67
258,Salinopolis,BR,2021-12-17 04:37:33,-0.6136,-47.3561,79.56,84,100,7.92
259,Red Bluff,US,2021-12-17 04:37:33,40.1785,-122.2358,43.57,93,20,4.61
260,Mazinde,TZ,2021-12-17 04:37:33,-4.8,38.2167,75.36,78,70,1.74
261,Sambava,MG,2021-12-17 04:37:34,-14.2667,50.1667,80.06,70,19,7.52
262,Tasiilaq,GL,2021-12-17 04:37:34,65.6145,-37.6368,35.76,99,99,6.46
263,Ulaanbaatar,MN,2021-12-17 04:36:08,47.9077,106.8832,-9.27,77,40,0.0
264,Deming,US,2021-12-17 04:37:34,32.2687,-107.7586,48.24,56,1,5.75
265,Guerrero Negro,MX,2021-12-17 04:37:35,27.9769,-114.0611,60.13,65,100,14.29
266,Takoradi,GH,2021-12-17 04:37:35,4.8845,-1.7554,78.89,85,44,4.52
267,Whitehorse,CA,2021-12-17 04:37:35,60.7161,-135.0538,-4.99,76,90,21.0
268,Narsaq,GL,2021-12-17 04:37:36,60.9167,-46.05,16.02,77,52,5.21
269,Togur,RU,2021-12-17 04:37:36,58.3631,82.8265,13.71,95,100,6.35
270,Catuday,PH,2021-12-17 04:37:36,16.2923,119.8062,81.79,64,76,7.49
271,Yerbogachen,RU,2021-12-17 04:37:37,61.2767,108.0108,-10.93,97,100,5.08
272,Alghero,IT,2021-12-17 04:37:37,40.5589,8.3181,39.29,100,0,2.3
273,Dhone,IN,2021-12-17 04:38:37,15.4167,77.8833,76.42,43,12,6.02
274,Wana,PK,2021-12-17 04:38:38,32.2989,69.5725,44.73,12,0,2.98
275,General Salgado,BR,2021-12-17 04:38:38,-20.6483,-50.3606,69.06,97,100,6.53
276,Joshimath,IN,2021-12-17 04:38:38,30.5667,79.5667,47.95,25,0,3.89
277,Aleksandrov Gay,RU,2021-12-17 04:38:39,50.147,48.5704,30.45,97,66,8.16
278,San Julian,MX,2021-12-17 04:38:39,21.0167,-102.1667,58.05,32,2,3.31
279,Victoria,HK,2021-12-17 04:38:40,22.2855,114.1577,78.19,64,100,10.0
280,Fairfield,US,2021-12-17 04:38:40,41.2668,-73.3162,58.24,73,1,1.01
281,Thompson,CA,2021-12-17 04:38:41,55.7435,-97.8558,-9.24,77,20,9.22
282,Erzin,TR,2021-12-17 04:38:41,36.9559,36.2,46.92,73,12,5.26
283,Deputatskiy,RU,2021-12-17 04:38:41,69.3,139.9,-24.79,93,94,1.66
284,Aracati,BR,2021-12-17 04:38:42,-4.5617,-37.7697,80.24,76,28,11.36
285,Gat,IL,2021-12-17 04:38:42,31.61,34.7642,56.39,100,97,6.4
286,Uruguaiana,BR,2021-12-17 04:38:42,-29.7547,-57.0883,73.33,60,0,11.5
287,Lodja,CD,2021-12-17 04:38:43,-3.4833,23.4333,68.27,98,97,0.96
288,Hartford,US,2021-12-17 04:35:43,41.7668,-72.7662,57.58,74,1,1.01
289,Puerto Escondido,MX,2021-12-17 04:38:43,15.85,-97.0667,77.29,74,11,4.07
290,Abu Samrah,SY,2021-12-17 04:38:43,35.3029,37.1841,46.42,91,29,1.5
291,Mecca,SA,2021-12-17 04:38:41,21.4267,39.8261,73.47,78,100,1.88
292,Magadan,RU,2021-12-17 04:38:44,59.5667,150.8,2.53,84,100,18.37
293,Sur,OM,2021-12-17 04:38:44,22.5667,59.5289,72.72,52,2,4.18
294,Ternate,ID,2021-12-17 04:38:45,0.8,127.4,85.59,70,38,7.54
295,Honiara,SB,2021-12-17 04:38:45,-9.4333,159.95,84.15,80,89,2.37
296,Hasaki,JP,2021-12-17 04:38:45,35.7333,140.8333,54.28,75,100,6.02
297,Hovd,MN,2021-12-17 04:38:46,48.0056,91.6419,10.67,59,26,0.51
298,Veraval,IN,2021-12-17 04:38:46,20.9,70.3667,71.58,29,0,14.38
299,Strakonice,CZ,2021-12-17 04:38:46,49.2614,13.9024,37.65,82,11,5.19
300,Kaeo,NZ,2021-12-17 04:38:47,-35.1,173.7833,73.33,59,24,10.85
301,Carutapera,BR,2021-12-17 04:38:47,-1.195,-46.02,77.38,91,97,6.13
302,Camacari,BR,2021-12-17 04:38:47,-12.6975,-38.3242,78.57,93,72,4.16
303,Necochea,AR,2021-12-17 04:38:48,-38.5473,-58.7368,69.04,61,7,13.42
304,Acapulco,MX,2021-12-17 04:38:48,16.8634,-99.8901,78.62,89,1,2.3
305,Sines,PT,2021-12-17 04:38:48,37.9562,-8.8698,50.29,75,8,7.0
306,Chapais,CA,2021-12-17 04:38:48,49.7834,-74.8492,35.38,92,100,18.79
307,Matamoros,MX,2021-12-17 04:38:49,25.5333,-103.25,66.11,40,100,1.48
308,Dera Bugti,PK,2021-12-17 04:38:49,29.0307,69.151,58.71,9,7,3.24
309,Gobabis,NA,2021-12-17 04:38:49,-22.45,18.9667,71.85,34,11,13.56
310,Khuzhir,RU,2021-12-17 04:38:50,53.1939,107.3397,19.15,56,99,9.93
311,Ketchikan,US,2021-12-17 04:36:30,55.3422,-131.6461,16.27,86,1,0.0
312,Bilma,NE,2021-12-17 04:38:50,18.6853,12.9164,57.15,32,88,10.54
313,Bac Lieu,VN,2021-12-17 04:38:51,9.285,105.7244,84.52,65,100,17.29
314,Salisbury,GB,2021-12-17 04:34:14,51.0693,-1.7957,49.48,76,90,5.75
315,Kloulklubed,PW,2021-12-17 04:38:51,7.0419,134.2556,86.5,74,100,10.0
316,Agirish,RU,2021-12-17 04:38:52,61.9247,63.0231,12.47,96,100,3.69
317,Viedma,AR,2021-12-17 04:39:52,-40.8135,-62.9967,70.72,54,100,5.95
318,Turan,VN,2021-12-17 04:34:54,16.0678,108.2208,80.58,65,75,4.61
319,Acarau,BR,2021-12-17 04:39:53,-2.8856,-40.12,80.2,76,100,15.37
320,Coatepeque,GT,2021-12-17 04:39:53,14.7,-91.8667,73.56,76,2,5.08
321,Goya,AR,2021-12-17 04:37:17,-29.14,-59.2626,67.75,47,31,5.23
322,Biak,ID,2021-12-17 04:39:53,-0.9131,122.8766,83.34,72,100,3.62
323,Marsh Harbour,BS,2021-12-17 04:35:27,26.5412,-77.0636,75.36,74,5,10.2
324,Safaga,EG,2021-12-17 04:39:54,26.7292,33.9365,62.35,50,100,13.58
325,Manokwari,ID,2021-12-17 04:39:54,-0.8667,134.0833,80.87,81,100,10.25
326,West Bay,KY,2021-12-17 04:39:54,19.3667,-81.4167,78.87,86,20,3.0
327,Mamboma,SL,2021-12-17 04:39:55,8.0833,-11.6833,72.39,99,95,1.59
328,Iralaya,HN,2021-12-17 04:39:55,15.0,-83.2333,78.39,85,100,12.33
329,Eureka,US,2021-12-17 04:35:22,40.8021,-124.1637,42.64,93,15,6.31
330,Souillac,MU,2021-12-17 04:39:56,-20.5167,57.5167,82.36,69,40,8.05
331,Mandalgovi,MN,2021-12-17 04:39:56,45.7625,106.2708,4.95,57,60,16.75
332,Oum Hadjer,TD,2021-12-17 04:39:56,13.2954,19.6966,66.92,31,32,8.37
333,Laramie,US,2021-12-17 04:39:57,41.3114,-105.5911,28.53,56,90,1.99
334,Rawson,AR,2021-12-17 04:39:57,-43.3002,-65.1023,64.8,68,16,9.42
335,Tashla,RU,2021-12-17 04:39:58,51.7716,52.7427,27.86,98,100,7.7
336,Baykit,RU,2021-12-17 04:39:58,61.67,96.37,-16.31,99,68,1.74
337,Southbridge,US,2021-12-17 04:39:58,42.0751,-72.0334,55.99,66,100,4.0
338,Lokomotivnyy,RU,2021-12-17 04:39:59,53.0118,60.5684,21.33,94,100,11.23
339,Beitbridge,ZW,2021-12-17 04:39:59,-22.2167,30.0,68.52,79,100,24.85
340,Turochak,RU,2021-12-17 04:39:59,52.2576,87.1224,26.71,90,100,2.66
341,Axim,GH,2021-12-17 04:39:59,4.8699,-2.2405,78.71,86,53,4.16
342,Maniwaki,CA,2021-12-17 04:40:00,46.3834,-75.966,45.14,57,79,21.85
343,Warrington,GB,2021-12-17 04:40:00,53.3925,-2.5802,48.31,93,90,1.14
344,Dauphin,CA,2021-12-17 04:40:01,51.1494,-100.0502,-2.06,71,90,5.75
345,Berdigestyakh,RU,2021-12-17 04:40:01,62.0989,126.6992,-11.33,98,100,2.98
346,Sydney Mines,CA,2021-12-17 04:40:01,46.2367,-60.2177,39.81,95,90,10.0
347,Henties Bay,NA,2021-12-17 04:40:02,-22.116,14.2845,56.86,84,50,0.74
348,Pingliang,CN,2021-12-17 04:40:02,35.5392,106.6861,29.97,47,100,5.59
349,Eha Amufu,NG,2021-12-17 04:40:02,6.6592,7.7596,66.61,29,100,2.68
350,Cap Malheureux,MU,2021-12-17 04:40:03,-19.9842,57.6142,82.47,68,7,5.01
351,Pitimbu,BR,2021-12-17 04:40:03,-7.4706,-34.8086,79.39,81,5,8.99
352,Talnakh,RU,2021-12-17 04:40:03,69.4865,88.3972,-35.81,100,85,0.27
353,Ginir,ET,2021-12-17 04:40:04,7.1333,40.7,63.27,53,40,2.73
354,Sao Joao Da Barra,BR,2021-12-17 04:40:04,-21.6403,-41.0511,75.65,91,98,7.11
355,Marevo,RU,2021-12-17 04:40:04,57.3146,32.0804,31.98,95,100,7.0
356,Emerald,AU,2021-12-17 04:40:05,-23.5333,148.1667,91.54,33,0,13.8
357,Angoche,MZ,2021-12-17 04:40:05,-16.2325,39.9086,82.27,65,36,10.49
358,Phanom Sarakham,TH,2021-12-17 04:40:05,13.7479,101.3553,92.88,39,12,12.19
359,Abong Mbang,CM,2021-12-17 04:40:06,3.9833,13.1833,63.25,52,99,1.74
360,Yeppoon,AU,2021-12-17 04:40:06,-23.1333,150.7333,87.58,57,0,14.2
361,Cordoba,AR,2021-12-17 04:40:06,-31.4135,-64.1811,67.24,76,0,3.44
362,Lasa,IT,2021-12-17 04:40:07,46.6166,10.7002,36.48,52,3,4.27
363,Kavieng,PG,2021-12-17 04:40:07,-2.5744,150.7967,83.84,73,92,4.97
364,Camana,PE,2021-12-17 04:41:07,-16.6228,-72.7111,68.09,87,100,9.37
365,Puri,IN,2021-12-17 04:41:08,19.8,85.85,70.38,43,5,11.36
366,Pringsewu,ID,2021-12-17 04:41:08,-5.3582,104.9744,88.75,58,98,7.2
367,Hervey Bay,AU,2021-12-17 04:41:08,-25.2986,152.8535,87.04,57,11,13.51
368,Yabassi,CM,2021-12-17 04:41:09,4.457,9.9682,74.46,95,96,1.9
369,Hutchinson,US,2021-12-17 04:39:40,38.0608,-97.9298,40.32,66,1,0.0
370,Sidi Ali,DZ,2021-12-17 04:41:09,36.0998,0.4206,49.3,46,49,7.18
371,Arak,IR,2021-12-17 04:41:10,34.0917,49.6892,41.9,46,67,4.27
372,Kisangani,CD,2021-12-17 04:41:10,0.5167,25.2,71.01,97,99,1.5
373,Funehiki,JP,2021-12-17 04:41:10,37.4333,140.5833,48.99,81,99,6.98
374,Frontera,MX,2021-12-17 04:41:11,26.9333,-101.45,68.32,78,89,1.99
375,Praia,CV,2021-12-17 04:37:09,14.9215,-23.5087,72.14,78,75,8.05
376,Hami,CN,2021-12-17 04:41:11,42.8,93.45,24.04,47,24,2.15
377,Lishui,CN,2021-12-17 04:41:11,28.4604,119.9103,49.3,82,100,6.31
378,Moree,AU,2021-12-17 04:41:12,-29.4667,149.85,95.02,29,40,11.5
379,Kiunga,PG,2021-12-17 04:41:12,-6.1219,141.2906,84.87,88,99,2.89
380,Kristinehamn,SE,2021-12-17 04:41:12,59.3098,14.1081,40.98,76,55,5.3
381,Kamalia,PK,2021-12-17 04:41:13,30.7333,72.65,60.87,12,0,5.73
382,Marzuq,YE,2021-12-17 04:41:13,14.4,46.4667,66.51,38,6,1.79
383,Najran,SA,2021-12-17 04:41:13,17.4924,44.1277,47.05,25,1,2.98
384,Havelock,US,2021-12-17 04:41:14,34.8791,-76.9013,62.96,92,20,3.0
385,Burhanpur,IN,2021-12-17 04:41:14,21.3,76.2333,76.91,40,6,2.62
386,Villa Carlos Paz,AR,2021-12-17 04:41:15,-31.4241,-64.4978,63.9,46,0,1.01
387,Husavik,IS,2021-12-17 04:41:15,66.0449,-17.3389,44.51,72,100,15.3
388,Borova,UA,2021-12-17 04:41:15,50.1763,30.1043,38.75,85,100,13.4
389,Luxor,EG,2021-12-17 04:41:16,25.6989,32.6421,53.65,66,100,3.44
390,Diamantino,BR,2021-12-17 04:41:16,-14.4086,-56.4461,72.54,97,97,2.53
391,Katsuura,JP,2021-12-17 04:41:16,35.1333,140.3,51.91,72,68,11.81
392,Meridian,US,2021-12-17 04:40:39,43.6121,-116.3915,36.09,90,90,0.0
393,Mega,ET,2021-12-17 04:41:17,4.05,38.3,63.52,56,70,9.86
394,Kieta,PG,2021-12-17 04:41:17,-6.2167,155.6333,83.75,82,100,5.21
395,Panzhihua,CN,2021-12-17 04:41:18,26.5851,101.7128,62.73,47,27,1.59
396,Monduli,TZ,2021-12-17 04:41:18,-3.3,36.45,64.56,81,99,7.29
397,Banjar,ID,2021-12-17 04:41:18,-8.19,114.9675,87.66,75,82,3.09
398,Abha,SA,2021-12-17 04:41:18,18.2164,42.5053,48.45,71,0,4.61
399,Coahuayana,MX,2021-12-17 04:41:19,18.7333,-103.6833,72.54,95,6,3.15
400,Sao Filipe,CV,2021-12-17 04:41:19,14.8961,-24.4956,73.78,74,90,7.54
401,Vao,NC,2021-12-17 04:41:19,-22.6667,167.4833,75.49,67,2,12.46
402,Soufriere,LC,2021-12-17 04:41:20,13.8562,-61.0566,78.4,80,75,5.01
403,Caravelas,BR,2021-12-17 04:41:20,-17.7125,-39.2481,74.7,94,79,6.13
404,Sabha,LY,2021-12-17 04:41:21,27.0377,14.4283,48.13,66,0,6.13
405,Beira,MZ,2021-12-17 04:41:21,-19.8436,34.8389,77.09,94,75,3.44
406,Innisfail,AU,2021-12-17 04:41:21,-17.5333,146.0333,97.88,51,87,9.01
407,Caruray,PH,2021-12-17 04:41:22,10.3094,119.0128,79.54,97,100,36.53
408,Esqueda,MX,2021-12-17 04:41:22,30.7167,-109.5833,52.63,43,94,5.64
409,Oranjemund,NA,2021-12-17 04:42:22,-28.55,16.4333,66.24,54,50,5.88
410,Bakel,SN,2021-12-17 04:42:23,14.905,-12.4568,83.05,17,98,12.19
411,Cabo San Lucas,MX,2021-12-17 04:42:23,22.8909,-109.9124,73.51,81,100,1.99
412,Les Cayes,HT,2021-12-17 04:42:23,18.2,-73.75,73.72,82,4,3.94
413,High Rock,BS,2021-12-17 04:42:24,26.6208,-78.2833,66.22,67,25,12.59
414,Opunake,NZ,2021-12-17 04:42:24,-39.4556,173.8583,65.34,70,39,20.67
415,Banda Aceh,ID,2021-12-17 04:42:24,5.5577,95.3222,84.34,71,100,11.18
416,At-Bashi,KG,2021-12-17 04:42:25,41.1702,75.8106,11.89,63,0,0.78
417,Denham Springs,US,2021-12-17 04:42:25,30.4869,-90.9562,69.93,94,90,4.61
418,Ambilobe,MG,2021-12-17 04:42:25,-13.2,49.05,83.84,57,3,2.75
419,Yankton,US,2021-12-17 04:42:26,42.8711,-97.3973,24.12,86,1,3.44
420,Atchison,US,2021-12-17 04:42:26,39.563,-95.1216,37.99,45,3,6.4
421,Rundu,NA,2021-12-17 04:42:26,-17.9333,19.7667,67.71,81,91,4.65
422,Varkkallai,IN,2021-12-17 04:42:26,8.7341,76.7067,87.58,61,29,3.53
423,Seoul,KR,2021-12-17 04:37:27,37.5683,126.9778,27.91,36,20,18.41
424,Kodino,RU,2021-12-17 04:42:27,63.7198,39.6447,17.85,98,98,2.75
425,Bay Roberts,CA,2021-12-17 04:42:27,47.5999,-53.2648,18.03,64,43,3.06
426,Portland,US,2021-12-17 04:42:20,45.5234,-122.6762,44.98,94,40,3.0
427,Acajutla,SV,2021-12-17 04:42:28,13.5928,-89.8275,80.06,69,91,6.11
428,Mapiripan,CO,2021-12-17 04:42:28,2.8892,-72.1256,74.23,90,85,3.8
429,Nizhniy Baskunchak,RU,2021-12-17 04:42:29,48.2198,46.8311,32.77,96,12,6.8
430,Bowen,AU,2021-12-17 04:42:29,-20.0167,148.2333,89.82,56,38,19.57
431,Camocim,BR,2021-12-17 04:42:29,-2.9022,-40.8411,79.61,79,78,13.69
432,Kaili,ID,2021-12-17 04:42:30,-3.4626,120.2147,75.6,89,100,3.42
433,Faya,SA,2021-12-17 04:42:30,18.3851,42.4509,48.72,45,17,4.18
434,Baherden,TM,2021-12-17 04:42:30,38.4362,57.4316,48.87,26,0,3.69
435,Kashan,IR,2021-12-17 04:42:30,33.9831,51.4364,46.26,33,32,0.81
436,Markdorf,DE,2021-12-17 04:42:31,47.7167,9.4,40.17,97,75,0.0
437,Dunedin,NZ,2021-12-17 04:42:28,-45.8742,170.5036,62.8,55,45,3.0
438,Araouane,ML,2021-12-17 04:42:31,18.9048,-3.5265,71.37,23,16,10.13
439,Bafang,CM,2021-12-17 04:42:32,5.1563,10.1788,63.01,52,100,2.89
440,Edd,ER,2021-12-17 04:42:32,13.9297,41.6925,79.86,56,6,15.75
441,Korla,CN,2021-12-17 04:42:32,41.7597,86.1469,27.73,49,1,6.8
442,Gigmoto,PH,2021-12-17 04:42:33,13.7796,124.39,81.75,89,100,16.82
443,Phu Ly,VN,2021-12-17 04:42:33,20.5411,105.9139,73.04,61,100,11.65
444,Bonthe,SL,2021-12-17 04:42:33,7.5264,-12.505,78.12,87,64,3.2
445,Shar,KZ,2021-12-17 04:42:34,49.5886,81.0453,16.07,81,100,16.87
446,Jutiapa,GT,2021-12-17 04:42:34,14.2833,-89.9,63.3,92,29,5.03
447,Ko Samui,TH,2021-12-17 04:42:34,9.5357,99.9357,85.91,70,75,11.5
448,Bantou,CN,2021-12-17 04:42:35,26.2151,117.4893,56.44,85,100,3.71
449,San Ignacio,BZ,2021-12-17 04:42:35,17.1561,-89.0714,71.74,100,0,4.61
450,Aginskoye,RU,2021-12-17 04:42:35,51.1,114.53,6.01,64,50,10.98
451,Lamu,KE,2021-12-17 04:42:36,-2.2717,40.902,80.82,76,72,7.94
452,Indianola,US,2021-12-17 04:42:36,41.3581,-93.5574,30.06,79,8,2.59
453,Areosa,PT,2021-12-17 04:42:36,41.7178,-8.8571,52.92,62,45,6.04
454,Yulara,AU,2021-12-17 04:42:37,-25.2406,130.9889,109.24,10,2,17.27
455,Villazon,BO,2021-12-17 04:42:37,-22.0866,-65.5942,48.24,73,55,12.39
456,Tessalit,ML,2021-12-17 04:43:37,20.1986,1.0114,66.11,22,2,11.05
457,Eyl,SO,2021-12-17 04:43:38,7.9803,49.8164,79.52,73,100,20.24
458,Yaan,NG,2021-12-17 04:43:38,7.3833,8.5667,71.31,29,100,5.26
459,Alvorada,BR,2021-12-17 04:43:38,-12.48,-49.1247,70.79,95,100,2.3
460,Namatanai,PG,2021-12-17 04:43:39,-3.6667,152.4333,84.88,71,99,9.35
461,Presidencia Roque Saenz Pena,AR,2021-12-17 04:43:39,-26.7852,-60.4388,70.88,53,72,5.28
462,Zatoka,UA,2021-12-17 04:43:39,46.0725,30.4654,39.74,96,98,19.42
463,Pimentel,PE,2021-12-17 04:43:40,-6.8367,-79.9342,66.78,86,95,12.3
464,Novobirilyussy,RU,2021-12-17 04:43:40,56.9514,90.6661,15.62,94,100,7.76
465,Napasar,IN,2021-12-17 04:43:40,27.9667,73.55,59.86,23,23,4.12
466,Arman,RU,2021-12-17 04:43:41,59.7,150.1667,3.02,91,100,17.07
467,Gladstone,AU,2021-12-17 04:40:16,-23.85,151.25,84.13,48,0,13.8
468,Port Moresby,PG,2021-12-17 04:43:41,-9.4431,147.1797,85.33,73,84,9.19
469,Rudbar,AF,2021-12-17 04:43:41,30.15,62.6,47.19,21,97,5.01
470,Middle Island,US,2021-12-17 04:43:42,40.8843,-72.9373,57.58,86,1,4.0
471,Pavlikeni,BG,2021-12-17 04:43:42,43.2428,25.3219,38.43,81,98,10.63
472,Puerto Narino,CO,2021-12-17 04:43:43,-3.7703,-70.3831,75.15,99,100,1.12
473,Ixtapa,MX,2021-12-17 04:43:43,20.7,-105.2,71.22,94,1,0.0
474,Perth,AU,2021-12-17 04:40:04,-31.9333,115.8333,73.02,53,75,19.57
475,Kologriv,RU,2021-12-17 04:43:43,58.8275,44.3178,29.59,97,100,4.47
476,Williston,US,2021-12-17 04:43:44,48.147,-103.618,7.92,79,100,1.01
477,Bonavista,CA,2021-12-17 04:43:44,48.6499,-53.1147,18.12,64,80,4.09
478,Varkaus,FI,2021-12-17 04:43:44,62.3153,27.873,30.31,92,26,8.55
479,Ures,MX,2021-12-17 04:43:45,29.4333,-110.4,60.85,56,100,0.34
480,Salta,AR,2021-12-17 04:40:32,-24.7859,-65.4117,70.09,86,90,4.61
481,Saint-Georges,GD,2021-12-17 04:43:45,12.0564,-61.7485,76.68,83,20,12.66
482,Leningradskiy,RU,2021-12-17 04:43:46,69.3833,178.4167,-12.35,96,100,3.69
483,Pisco,PE,2021-12-17 04:43:46,-13.7,-76.2167,68.05,77,0,4.61
484,Mookane,BW,2021-12-17 04:43:46,-23.688,26.6595,67.8,86,67,13.85
485,Vila Velha,BR,2021-12-17 04:43:47,-20.3297,-40.2925,78.75,83,20,8.99
486,Sao Felix Do Xingu,BR,2021-12-17 04:43:47,-6.6447,-51.995,71.96,100,100,0.94
487,Los Pozos,VE,2021-12-17 04:43:47,8.4518,-62.7268,77.04,91,100,5.03
488,Lastoursville,GA,2021-12-17 04:43:48,-0.8143,12.7287,70.99,99,100,2.21
489,Klyuchi,RU,2021-12-17 04:43:48,52.2667,79.1667,26.74,80,100,16.93
490,Makasar,ID,2021-12-17 04:43:48,-5.14,119.4221,89.65,66,20,8.05
491,Zeya,RU,2021-12-17 04:43:48,53.75,127.2667,-0.83,61,81,2.08
492,Buraydah,SA,2021-12-17 04:43:49,26.326,43.975,59.45,25,95,14.54
493,Sarangani,PH,2021-12-17 04:43:49,5.4033,125.4636,83.37,78,99,13.87
494,Santo Tomas,PH,2021-12-17 04:43:50,14.1079,121.1414,85.59,82,97,12.44
495,Primorsk,UA,2021-12-17 04:43:50,46.7348,36.3443,37.81,90,100,5.57
496,Kenai,US,2021-12-17 04:43:50,60.5544,-151.2583,19.15,92,90,12.66
497,Fez,MA,2021-12-17 04:43:51,34.0372,-4.9998,42.91,75,0,5.75
498,Tairua,NZ,2021-12-17 04:43:51,-37.0167,175.85,69.1,58,5,14.5
499,Vila,PT,2021-12-17 04:43:51,42.0304,-8.1588,41.94,62,73,5.61
500,San Cristobal,VE,2021-12-17 04:44:01,7.7669,-72.225,68.18,94,100,1.19
501,Mahanje,TZ,2021-12-17 04:44:52,-9.9333,35.3333,72.86,70,100,4.97
502,Chokurdakh,RU,2021-12-17 04:44:52,70.6333,147.9167,-27.85,99,65,8.46
503,La Ceiba,HN,2021-12-17 04:40:00,15.7597,-86.7822,71.42,100,40,3.44
504,Waddan,LY,2021-12-17 04:44:52,29.1614,16.139,47.98,76,2,2.89
505,Vestmanna,FO,2021-12-17 04:44:53,62.1564,-7.1664,45.52,100,90,10.36
506,Askiz,RU,2021-12-17 04:44:53,53.1319,90.5264,24.06,81,99,10.09
507,Balabac,PH,2021-12-17 04:44:53,7.9868,117.0645,83.01,76,100,18.92
508,Maniitsoq,GL,2021-12-17 04:44:54,65.4167,-52.9,13.26,69,16,8.16
509,Alcaniz,ES,2021-12-17 04:44:54,41.05,-0.1333,37.74,70,3,2.33
510,Kjollefjord,NO,2021-12-17 04:44:54,70.9457,27.3465,33.62,80,75,9.22
511,Sandakan,MY,2021-12-17 04:44:55,5.8402,118.1179,89.28,66,20,10.36
512,Belmonte,BR,2021-12-17 04:44:55,-15.8631,-38.8828,75.7,88,42,7.09
513,Russell,US,2021-12-17 04:44:55,32.3502,-85.1999,60.51,91,41,1.74
514,Mahibadhoo,MV,2021-12-17 04:44:56,3.7833,72.9667,82.53,75,93,12.48
515,Flin Flon,CA,2021-12-17 04:44:56,54.7682,-101.865,-9.04,94,9,7.29
516,Novosergiyevka,RU,2021-12-17 04:44:56,52.0934,53.6528,26.82,97,100,8.14
517,Montevideo,UY,2021-12-17 04:44:57,-34.8335,-56.1674,65.91,77,75,9.22
518,Ostersund,SE,2021-12-17 04:44:57,63.1792,14.6357,36.61,87,75,19.57
519,Dubai,AE,2021-12-17 04:44:51,25.2582,55.3047,73.22,64,0,3.44
520,Teahupoo,PF,2021-12-17 04:44:58,-17.8333,-149.2667,75.16,78,62,16.15
521,Pacifica,US,2021-12-17 04:43:47,37.6138,-122.4869,50.13,85,1,4.0
522,Concepcion Del Uruguay,AR,2021-12-17 04:44:58,-32.4825,-58.2372,68.99,69,0,1.99
523,Humaita,BR,2021-12-17 04:44:58,-7.5061,-63.0208,73.2,96,66,0.92
524,Liverpool,GB,2021-12-17 04:42:00,53.4106,-2.9779,48.15,76,90,1.14
525,Sabang,ID,2021-12-17 04:44:59,5.8933,95.3214,82.18,74,100,10.67
526,Nueva Loja,EC,2021-12-17 04:44:59,0.0847,-76.8828,71.62,100,97,1.21
527,Sao Borja,BR,2021-12-17 04:45:00,-28.6606,-56.0044,69.94,61,9,7.63
528,Margate,GB,2021-12-17 04:45:00,51.3813,1.3862,49.3,90,4,9.51
529,Kodinsk,RU,2021-12-17 04:45:00,58.6881,99.1844,11.57,91,100,8.32
530,Bogalusa,US,2021-12-17 04:45:01,30.791,-89.8487,68.81,94,90,5.75
531,Tianpeng,CN,2021-12-17 04:45:01,30.9866,103.9393,54.63,36,52,6.24
532,Cabedelo,BR,2021-12-17 04:45:01,-6.9811,-34.8339,79.47,80,6,9.13
533,Teya,RU,2021-12-17 04:45:02,60.3778,92.6267,-1.64,96,99,3.13
534,Ormara,PK,2021-12-17 04:45:02,25.2088,64.6357,68.18,25,1,8.81
535,Jurm,AF,2021-12-17 04:45:02,36.8648,70.8342,28.99,39,0,6.71
536,Viransehir,TR,2021-12-17 04:45:03,37.2353,39.7631,47.91,89,51,6.24
537,Camacha,PT,2021-12-17 04:45:04,33.0833,-16.3333,60.22,72,20,11.5
538,Verkhnevilyuysk,RU,2021-12-17 04:45:04,63.4453,120.3167,-26.3,100,71,0.81
539,Santa Marta,CO,2021-12-17 04:45:04,11.2408,-74.199,82.45,61,100,0.0
540,Brigantine,US,2021-12-17 04:45:05,39.4101,-74.3646,61.27,76,1,16.11
541,Evensk,RU,2021-12-17 04:45:05,61.95,159.2333,-12.3,78,29,9.31
542,Dezhou,CN,2021-12-17 04:46:05,37.4486,116.2925,30.94,12,0,5.86
543,Xudat,AZ,2021-12-17 04:46:06,41.631,48.681,44.76,91,100,1.81
544,Petropavl,KZ,2021-12-17 04:41:47,54.8753,69.1628,26.58,86,90,20.13
545,Nogent-Le-Rotrou,FR,2021-12-17 04:46:06,48.3333,1.0,38.8,94,0,11.01
546,Miandoab,IR,2021-12-17 04:46:06,36.9694,46.1027,41.38,74,100,1.32
547,Auki,SB,2021-12-17 04:46:07,-8.7676,160.7034,83.89,73,100,4.34
548,Noumea,NC,2021-12-17 04:46:07,-22.2763,166.4572,82.38,61,0,11.39
549,Hofn,IS,2021-12-17 04:46:07,64.2539,-15.2082,41.77,86,32,17.34
550,Yumen,CN,2021-12-17 04:46:08,40.2833,97.2,28.24,33,0,27.27
